{"stats":{"minecraft:killed":{"minecraft:zombie":5,"minecraft:slime":2},"minecraft:killed_by":{"minecraft:slime":1,"minecraft:creeper":1},"minecraft:custom":{"minecraft:time_since_rest":7803,"minecraft:open_chest":1,"minecraft:crouch_one_cm":878,"minecraft:sprint_one_cm":51068,"minecraft:play_time":32096,"minecraft:damage_taken":2065,"minecraft:deaths":3,"minecraft:walk_one_cm":137969,"minecraft:sneak_time":2491,"minecraft:walk_under_water_one_cm":1571,"minecraft:mob_kills":9,"minecraft:jump":575,"minecraft:damage_dealt":1331,"minecraft:leave_game":35,"minecraft:walk_on_water_one_cm":2748,"minecraft:time_since_death":7780,"minecraft:sleep_in_bed":1,"minecraft:climb_one_cm":15946,"minecraft:total_world_time":91610,"minecraft:swim_one_cm":1474,"minecraft:fall_one_cm":10710,"minecraft:fly_one_cm":87164},"minecraft:mined":{"minecraft:grass_block":10,"minecraft:glass_pane":1},"minecraft:used":{"minecraft:water_bucket":11,"minecraft:apple":5,"minecraft:ladder":21,"minecraft:zombie_spawn_egg":4},"minecraft:picked_up":{"minecraft:ladder":58,"minecraft:rotten_flesh":3}},"DataVersion":3465}